year,month,births,deaths
1841,1,254,37
1841,2,239,18
1841,3,277,12
1841,4,255,4
1841,5,255,2
1841,6,200,10
1841,7,190,16
1841,8,222,3
1841,9,213,4
1841,10,236,26
1841,11,235,53
1841,12,NA,NA
1842,1,307,64
1842,2,311,38
1842,3,264,27
1842,4,242,26
1842,5,310,10
1842,6,273,18
1842,7,231,48
1842,8,216,55
1842,9,223,41
1842,10,242,71
1842,11,209,48
1842,12,239,75
1843,1,272,52
1843,2,263,42
1843,3,266,33
1843,4,285,34
1843,5,246,15
1843,6,196,8
1843,7,191,1
1843,8,193,3
1843,9,221,5
1843,10,250,44
1843,11,252,18
1843,12,236,19
1844,1,244,37
1844,2,257,29
1844,3,276,47
1844,4,208,36
1844,5,240,14
1844,6,224,6
1844,7,206,9
1844,8,269,17
1844,9,245,3
1844,10,248,8
1844,11,245,27
1844,12,256,27
1845,1,303,23
1845,2,274,13
1845,3,292,13
1845,4,260,11
1845,5,296,13
1845,6,280,20
1845,7,245,15
1845,8,251,9
1845,9,237,25
1845,10,283,42
1845,11,265,29
1845,12,267,28
1846,1,336,45
1846,2,293,53
1846,3,311,48
1846,4,253,48
1846,5,305,41
1846,6,266,27
1846,7,252,33
1846,8,216,39
1846,9,271,39
1846,10,254,38
1846,11,297,32
1846,12,298,16
1847,1,311,10
1847,2,312,6
1847,3,305,11
1847,4,312,57
1847,5,294,36
1847,6,268,6
1847,7,250,3
1847,8,264,5
1847,9,262,12
1847,10,278,11
1847,11,246,11
1847,12,273,8
1848,1,283,10
1848,2,291,2
1848,3,276,0
1848,4,305,2
1848,5,313,3
1848,6,264,3
1848,7,269,1
1848,8,261,0
1848,9,312,3
1848,10,299,7
1848,11,310,9
1848,12,373,5
1849,1,403,9
1849,2,389,12
1849,3,406,20
