year,births,deaths
1784,284,6
1785,899,13
1786,1151,5
1787,1407,5
1788,1425,5
1789,1246,7
1790,1326,10
1791,1395,8
1792,1579,14
1793,1684,44
1794,1768,7
1795,1798,38
1796,1904,22
1797,2012,5
1798,2046,5
1799,2067,20
1800,2070,41
1801,2106,17
1802,2346,9
1803,2215,16
1804,2022,8
1805,2112,9
1806,1875,13
1807,925,6
1808,855,7
1809,912,13
1810,744,6
1811,1050,20
1812,1419,9
1813,1945,21
1814,2062,66
1815,2591,19
1816,2410,12
1817,2735,25
1818,2568,56
1819,3089,154
1820,2998,75
1821,3294,55
1822,3066,26
1823,2872,214
1824,2911,144
1825,2594,229
1826,2359,192
1827,2367,51
1828,2833,101
1829,3012,140
1830,2797,111
1831,3353,222
1832,3331,105
1833,3737,197
1834,2657,205
1835,2573,143
1836,2677,200
1837,2765,251
1838,2987,91
1839,2781,151
1840,2889,267
1841,3036,237
1842,3287,518
1843,3060,274
1844,3157,260
1845,3492,241
1846,4010,459
1847,3490,176
1848,3556,45
1849,3858,103
