year,clinic,births,deaths
1833,1,3737,197
1833,2,353,8
1834,1,2657,205
1834,2,1744,150
1835,1,2573,143
1835,2,1682,84
1836,1,2677,200
1836,2,1670,131
1837,1,2765,251
1837,2,1784,124
1838,1,2987,91
1838,2,1779,88
1839,1,2781,151
1839,2,2010,91
1840,1,2889,267
1840,2,2073,55
1841,1,3036,237
1841,2,2442,86
1842,1,3287,518
1842,2,2659,202
1843,1,3060,274
1843,2,2739,164
1844,1,3157,260
1844,2,2956,68
1845,1,3492,241
1845,2,3241,66
1846,1,4010,459
1846,2,3754,105
1847,1,3490,176
1847,2,3306,32
1848,1,3556,45
1848,2,3319,43
1849,1,3858,103
1849,2,3371,87
1850,1,3745,74
1850,2,3261,54
1851,1,4194,75
1851,2,3395,121
1852,1,4471,181
1852,2,3360,192
1853,1,4221,94
1853,2,3480,67
1854,1,4393,400
1854,2,3396,210
1855,1,3659,198
1855,2,2938,174
1856,1,3925,156
1856,2,3070,125
1857,1,4220,124
1857,2,3795,83
1858,1,4203,86
1858,2,4179,60
