year,clinic,births,deaths,table,page
1833,1,3737,197,XXII,139
1833,2,353,8,XXII,139
1834,1,2657,205,XXII,139
1834,2,1744,150,XXII,139
1835,1,2573,143,XXII,139
1835,2,1682,84,XXII,139
1836,1,2677,200,XXII,139
1836,2,1670,131,XXII,139
1837,1,2765,251,XXII,139
1837,2,1784,124,XXII,139
1838,1,2987,91,XXII,139
1838,2,1779,88,XXII,139
1839,1,2781,151,XXII,139
1839,2,2010,91,XXII,139
1840,1,2889,267,XXII,139
1840,2,2073,55,XXII,139
1841,1,3036,237,I,3
1841,2,2442,86,I,3
1842,1,3287,518,I,3
1842,2,2659,202,I,3
1843,1,3060,274,I,3
1843,2,2739,164,I,3
1844,1,3157,260,I,3
1844,2,2956,68,I,3
1845,1,3492,241,I,3
1845,2,3241,66,I,3
1846,1,4010,459,I,3
1846,2,3754,105,I,3
1847,1,3490,176,XXIII,140
1847,2,3306,32,XXIII,140
1848,1,3556,45,XXIII,140
1848,2,3219,43,XXIII,140
1849,1,3858,103,XXIII,140
1849,2,3371,87,XXIII,140
1850,1,3745,74,XXIII,140
1850,2,3261,54,XXIII,140
1851,1,4194,75,XXIII,140
1851,2,3395,121,XXIII,140
1852,1,4471,181,XXIII,140
1852,2,3360,192,XXIII,140
1853,1,4221,94,XXIII,140
1853,2,3480,67,XXIII,140
1854,1,4393,400,XXIII,140
1854,2,3396,210,XXIII,140
1855,1,3659,198,XXIII,140
1855,2,2938,174,XXIII,140
1856,1,3925,156,XXIII,140
1856,2,3070,125,XXIII,140
1857,1,4220,124,XXIII,140
1857,2,3795,83,XXIII,140
1858,1,4203,86,XXIII,140
1858,2,4179,60,XXIII,140
