year,admitted,deaths,pct_whole_printed,table,page
1784,284,6,2,XVII,62
1785,899,13,1,XVII,62
1786,1151,5,0,XVII,62
1787,1407,5,0,XVII,62
1788,1425,5,0,XVII,62
1789,1246,7,0,XVII,62
1790,1326,10,0,XVII,62
1791,1395,8,0,XVII,62
1792,1574,14,0,XVII,62
1793,1684,44,2,XVII,62
1794,1768,7,0,XVII,62
1795,1798,38,2,XVII,62
1796,1904,22,1,XVII,62
1797,2012,5,0,XVII,62
1798,2046,5,0,XVII,62
1799,2067,20,0,XVII,62
1800,2070,41,1,XVII,62
1801,2106,17,0,XVII,62
1802,2346,9,0,XVII,62
1803,2215,16,0,XVII,62
1804,2022,8,0,XVII,62
1805,2112,9,0,XVII,62
1806,1875,13,0,XVII,62
1807,925,6,0,XVII,62
1808,855,7,0,XVII,62
1809,912,13,1,XVII,62
1810,744,6,0,XVII,62
1811,1050,20,1,XVII,62
1812,1419,9,0,XVII,62
1813,1945,21,1,XVII,62
1814,2062,66,3,XVII,62
1815,2591,19,0,XVII,62
1816,2410,12,0,XVII,62
1817,2735,25,0,XVII,62
1818,2568,56,2,XVII,62
1819,3089,154,4,XVII,62
1820,2998,75,2,XVII,62
1821,3294,55,1,XVII,62
1822,3066,26,0,XVII,62
1823,2872,214,7,XVII,62
1824,2911,144,4,XVII,62
1825,2594,229,4,XVII,62
1826,2359,192,8,XVII,62
1827,2367,51,2,XVII,62
1828,2833,101,3,XVII,62
1829,3012,140,4,XVII,62
1830,2797,111,3,XVII,62
1831,3353,222,6,XVII,62
1832,3331,105,3,XVII,62
1833,3907,205,5,XVII,62
1834,4218,355,8,XVII,62
1835,4040,227,5,XVII,62
1836,4144,331,7,XVII,62
1837,4363,375,8,XVII,62
1838,4560,179,3,XVII,62
1839,4992,248,4,XVII,62
1840,5166,328,6,XVII,62
1841,5454,330,6,XVII,62
1842,6024,730,12,XVII,62
1843,5914,457,7,XVII,62
1844,6244,336,5,XVII,62
1845,6756,313,4,XVII,62
1846,7027,567,8,XVII,62
1847,7039,210,2,XVII,62
1848,7095,91,1,XVII,62
